"","title","hit","url"
"1","친구부부 차 인수하는데 따라 왔는데 너무 심심해요 ㅠㅠ","597.9 k","https://www.clien.net/service/board/park/14739930?od=T31&po=0&category=&groupCd=community"
"2","디지털파운더리 '시리즈X 2080성능을 뛰어넘다'","0","https://www.clien.net/service/board/park/14739929?od=T31&po=0&category=&groupCd=community"
"3","욕심상정은 예상 외로 단일화 할지도 모르겠네요","14","https://www.clien.net/service/board/park/14739927?od=T31&po=0&category=&groupCd=community"
"4","주말에 떠나는 방구석 세계문화유산 탐험 그리스편","210","https://www.clien.net/service/board/park/14739926?od=T31&po=0&category=&groupCd=community"
"5","3년 만에 하드디스크 사려는데 가격이 똑같네요","150","https://www.clien.net/service/board/park/14739925?od=T31&po=0&category=&groupCd=community"
"6","Korea, Wonderland? 참 이상한 나라","143","https://www.clien.net/service/board/park/14739923?od=T31&po=0&category=&groupCd=community"
"7","선암사 범종각","228","https://www.clien.net/service/board/park/14739922?od=T31&po=0&category=&groupCd=community"
"8","소방에 대해서 궁금 하신거 있으시거 알려드릴게요","175","https://www.clien.net/service/board/park/14739921?od=T31&po=0&category=&groupCd=community"
"9","스티비 원더 노래 들으면서 인터넷 서핑하고 있습니다.","106","https://www.clien.net/service/board/park/14739920?od=T31&po=0&category=&groupCd=community"
"10","인천공항 제2터미널 입니다...","90","https://www.clien.net/service/board/park/14739919?od=T31&po=0&category=&groupCd=community"
"11","장.차관 급여 4달 30%삭감...고통분담차원","859","https://www.clien.net/service/board/park/14739918?od=T31&po=0&category=&groupCd=community"
"12","심상정 지역구 상황!!!","706","https://www.clien.net/service/board/park/14739917?od=T31&po=0&category=&groupCd=community"
"13","ps5는 발열이 어마어머하겠죠?","1734","https://www.clien.net/service/board/park/14739915?od=T31&po=0&category=&groupCd=community"
"14","자전거에 문제가 생겼는데요 휠 베어링 문제요.","292","https://www.clien.net/service/board/kin/14739914?od=T31&po=0&category=&groupCd=community"
"15","저널리즘 토크쇼 J 82회 예고","20","https://www.clien.net/service/board/park/14739912?od=T31&po=0&category=&groupCd=community"
"16","드래곤 후르츠를 몰래 먹었답니다","260","https://www.clien.net/service/board/park/14739911?od=T31&po=0&category=&groupCd=community"
"17","이번 총선 두 번째 후원입니다. ( 경기 의왕/과천 이소영 후보 )","762","https://www.clien.net/service/board/park/14739910?od=T31&po=0&category=&groupCd=community"
"18","전기면도기 추천하실만한 제품 있으신가요?","213","https://www.clien.net/service/board/kin/14739909?od=T31&po=0&category=&groupCd=community"
"19","딸기 깜끔하게 먹기.jpg","15","https://www.clien.net/service/board/park/14739907?od=T31&po=0&category=&groupCd=community"
"20","쿠팡맨 분들은 좋은 날씨에도 수고가 많으시군요","1577","https://www.clien.net/service/board/park/14739905?od=T31&po=0&category=&groupCd=community"
"21","ASUS Pcie 4.0 ssd 확장카드(X4).jpg","440","https://www.clien.net/service/board/park/14739904?od=T31&po=0&category=&groupCd=community"
"22","ABC 마트의 꼼수","777","https://www.clien.net/service/board/park/14739903?od=T31&po=0&category=&groupCd=community"
"23","한 대통령의 업적","2685","https://www.clien.net/service/board/park/14739902?od=T31&po=0&category=&groupCd=community"
"24","바이럴 한번 합니다","1819","https://www.clien.net/service/board/park/14739901?od=T31&po=0&category=&groupCd=community"
"25","아 이게 그 유명한 동물의 숲이란 게임이군요","401","https://www.clien.net/service/board/park/14739900?od=T31&po=0&category=&groupCd=community"
"26","흥미로운 여론조사 : 시사저널 정당지지도 조사","1009","https://www.clien.net/service/board/park/14739898?od=T31&po=0&category=&groupCd=community"
"27","한강 인파 충격적이네요 ㄷ ㄷ","1483","https://www.clien.net/service/board/park/14739897?od=T31&po=0&category=&groupCd=community"
"28","이탈리아 정말 놀라운 문화","4708","https://www.clien.net/service/board/park/14739896?od=T31&po=0&category=&groupCd=community"
"29","미국 코로나 치료비용 $34,927불.news","2102","https://www.clien.net/service/board/park/14739895?od=T31&po=0&category=&groupCd=community"
"30","요새 매력적인 이어폰 딜이 많이 올라와서....","1135","https://www.clien.net/service/board/park/14739894?od=T31&po=0&category=&groupCd=community"
"31","친구부부 차 인수하는데 따라 왔는데 너무 심심해요 ㅠㅠ","756","https://www.clien.net/service/board/park/14739930?od=T31&po=0&category=&groupCd=community"
