"","title_final","hit_final","url_final"
"1","처음으로 일본 총리는 올림픽 연기가 가능하다고 말했습니다","703","https://www.clien.net/service/board/park/14746256?od=T31&po=9&category=&groupCd=community"
"2","'피해자가 자초한 일' '문재인 탓'…뻔뻔한 텔레그램 n번방 이용자들","3378","https://www.clien.net/service/board/park/14746255?od=T31&po=9&category=&groupCd=community"
"3","자가격리 1일차 입니다.","665","https://www.clien.net/service/board/park/14746254?od=T31&po=9&category=&groupCd=community"
"4","충격 포퓰리즘 40조원 국채추가발행 발언","2480","https://www.clien.net/service/board/park/14746252?od=T31&po=9&category=&groupCd=community"
"5","제 아이디로 공격하시는 건 좀 치졸하지 않나요??","1831","https://www.clien.net/service/board/park/14746251?od=T31&po=9&category=&groupCd=community"
"6","...'백인우월주의자들, FBI 사무실 손잡이에 침 바르자고'","1595","https://www.clien.net/service/board/park/14746250?od=T31&po=9&category=&groupCd=community"
"7","더불어시민당 '2개 군소당 후보 탈락…열린민주당과 공동교섭단체 가능'","2473","https://www.clien.net/service/board/park/14746248?od=T31&po=9&category=&groupCd=community"
"8","박사방은 뭐고 n번방은 뭐랍니까","2102","https://www.clien.net/service/board/park/14746247?od=T31&po=9&category=&groupCd=community"
"9","호주도 도쿄 올림픽 불참하네요","2136","https://www.clien.net/service/board/park/14746245?od=T31&po=9&category=&groupCd=community"
"10","동숲은 보면 좀 웃기네요","2147","https://www.clien.net/service/board/park/14746244?od=T31&po=9&category=&groupCd=community"
"11","구글홈 미니 5g 보다 2.4g가 안정적인거 같습니당","810","https://www.clien.net/service/board/park/14746243?od=T31&po=9&category=&groupCd=community"
"12","카메라 무음 안되니 냥이 도촬도 힘드네요 ㅠㅜ","1601","https://www.clien.net/service/board/park/14746242?od=T31&po=9&category=&groupCd=community"
"13","'백인우월단체, 유대인·경찰 감염 시도'..뉴욕 FBI, 경보발령","1570","https://www.clien.net/service/board/park/14746241?od=T31&po=9&category=&groupCd=community"
"14","어짜피 올림픽 불참하는거 e스포츠로 합시다.jpg","1893","https://www.clien.net/service/board/park/14746240?od=T31&po=9&category=&groupCd=community"
"15","동숲이 핫했네요. 예전에 봤던 독일차 얘기...그리고 잡담","1049","https://www.clien.net/service/board/park/14746238?od=T31&po=9&category=&groupCd=community"
"16","냥이 혀는 까슬하더라고요.","1930","https://www.clien.net/service/board/park/14746237?od=T31&po=9&category=&groupCd=community"
"17","흠.. 앱 문제일지도 모르지만..S20 GPS가..","870","https://www.clien.net/service/board/park/14746236?od=T31&po=9&category=&groupCd=community"
"18","이와중에 스위치 인증합니다","1467","https://www.clien.net/service/board/park/14746233?od=T31&po=9&category=&groupCd=community"
"19","클최미가 클리앙 광고에!!","1707","https://www.clien.net/service/board/park/14746232?od=T31&po=9&category=&groupCd=community"
"20","그래도 유럽은 확진자 조금 줄어드는 듯","2416","https://www.clien.net/service/board/park/14746229?od=T31&po=9&category=&groupCd=community"
"21","캐나다는 올림픽 불참하기로 했습니다","1958","https://www.clien.net/service/board/park/14746227?od=T31&po=9&category=&groupCd=community"
"22","“신천지 교인이세요? 퇴사 부탁드립니다”","10.6 k","https://www.clien.net/service/board/park/14746226?od=T31&po=9&category=&groupCd=community"
"23","오늘부터 출근하는 회사들이 좀 있나봐요","919","https://www.clien.net/service/board/park/14746225?od=T31&po=9&category=&groupCd=community"
"24","갑자기 업무 중지됐습니다. ㅋㅋㅋㅋ \(ㅇㅅ ㅇ)/","2891","https://www.clien.net/service/board/park/14746224?od=T31&po=9&category=&groupCd=community"
"25","[잡담] 파리 지부장 프랑스 봉쇄 4,5,6일차 보고","2424","https://www.clien.net/service/board/park/14746223?od=T31&po=9&category=&groupCd=community"
"26","인터넷,TV 만기 해지 시 공유기 셋톱박스 반납.","183","https://www.clien.net/service/board/kin/14746222?od=T31&po=9&category=&groupCd=community"
"27","(스포일러) N번방 사건을 보니 블랙미러 몸캠 에피소드가 생각납니다.","2026","https://www.clien.net/service/board/park/14746221?od=T31&po=9&category=&groupCd=community"
"28","캐나다, 1년 연기 안되면 도쿄올림픽 불참..첫 불참 선언(종합)","1590","https://www.clien.net/service/board/park/14746220?od=T31&po=9&category=&groupCd=community"
"29","인도친구에게 현 상황에 대해 물어보았읍니다.","1789","https://www.clien.net/service/board/park/14746218?od=T31&po=9&category=&groupCd=community"
"30","머리 작은 사람은 맥심손잡이 소용이 없군요ㅠㅠ","1203","https://www.clien.net/service/board/park/14746217?od=T31&po=9&category=&groupCd=community"
"title_final","hit_final","url_final"
"1","람보르기니 오픈카 드리프트.gif","40","https://www.clien.net/service/board/park/14746637?od=T31&po=0&category=&groupCd=community"
"2","출근할때 호드 티셔츠 입고 출근합니다","40","https://www.clien.net/service/board/park/14746636?od=T31&po=0&category=&groupCd=community"
"3","식탁의자 등받이에서 못이 튀어 나왔는데 무상AS 해줄까요","3","https://www.clien.net/service/board/kin/14746635?od=T31&po=0&category=&groupCd=community"
"4","미국 군용 드론.gif","232","https://www.clien.net/service/board/park/14746634?od=T31&po=0&category=&groupCd=community"
"5","남아도는 라유를 처리하는 방법","220","https://www.clien.net/service/board/park/14746633?od=T31&po=0&category=&groupCd=community"
"6","권영진 '신천지 교인도 긴급생계지원 대상 포함'","334","https://www.clien.net/service/board/park/14746632?od=T31&po=0&category=&groupCd=community"
"7","'일부' 개신교회 예배 강행이유 이게 가장 크다 봅니다","127","https://www.clien.net/service/board/park/14746631?od=T31&po=0&category=&groupCd=community"
"8","n번방은 n번방이고...","228","https://www.clien.net/service/board/park/14746630?od=T31&po=0&category=&groupCd=community"
"9","내일이 김경수지사 항소심 첫 공판일 이네요","108","https://www.clien.net/service/board/park/14746629?od=T31&po=0&category=&groupCd=community"
"10","제가 돈이 많다면 교회에 헌금 지원해주고 싶네요.","225","https://www.clien.net/service/board/park/14746627?od=T31&po=0&category=&groupCd=community"
"11","그 요가학원도 체인점 같던데..","640","https://www.clien.net/service/board/park/14746624?od=T31&po=0&category=&groupCd=community"
"12","동숲 논란은 솔직히 어리둥절이죠","671","https://www.clien.net/service/board/park/14746623?od=T31&po=0&category=&groupCd=community"
"13","야구 응원용품에서 발암물질 검출.jpg","1008","https://www.clien.net/service/board/park/14746622?od=T31&po=0&category=&groupCd=community"
"14","라면은 적힌대로만 끓여도 맛있네요","296","https://www.clien.net/service/board/park/14746621?od=T31&po=0&category=&groupCd=community"
"15","기생충 해외 한정판 블루레이 왔네요.","295","https://www.clien.net/service/board/park/14746620?od=T31&po=0&category=&groupCd=community"
"16","지방자치단체에서 밤에 벚꽃을 다 털어버리는 것은 어떨까요.","465","https://www.clien.net/service/board/park/14746618?od=T31&po=0&category=&groupCd=community"
"17","저는 사재기가 안일어나는 이유가","558","https://www.clien.net/service/board/park/14746617?od=T31&po=0&category=&groupCd=community"
"18","점심은 든든하게 고기로","71","https://www.clien.net/service/board/image/14746616?od=T31&po=0&category=&groupCd=community"
"19","후베이성 인구수","1613","https://www.clien.net/service/board/park/14746615?od=T31&po=0&category=&groupCd=community"
"20","아이를 싫어하는 사람이...","407","https://www.clien.net/service/board/park/14746614?od=T31&po=0&category=&groupCd=community"
"21","홍준표는 다크나이트가 확실합니다.","670","https://www.clien.net/service/board/park/14746613?od=T31&po=0&category=&groupCd=community"
"22","권영진 22일 브리핑 놀랍네요 (feat. 교회임대료 지원)","1427","https://www.clien.net/service/board/park/14746609?od=T31&po=0&category=&groupCd=community"
"23","11년만에 글3개 쓰고 3번째 글이 긴급 코로나19검사 요청글이라니","566","https://www.clien.net/service/board/park/14746608?od=T31&po=0&category=&groupCd=community"
"24","(왜국언론주의) “韓 -1%” 외환위기 이후 처음으로 역성장&nbsp;","977","https://www.clien.net/service/board/park/14746607?od=T31&po=0&category=&groupCd=community"
"25","폭식투쟁이니 일베충이니 얼마나 심한욕인지 몰라서 이러십니까?","417","https://www.clien.net/service/board/park/14746604?od=T31&po=0&category=&groupCd=community"
"26","(WOW) 10년 넘게 주연이지만 그 누구도 정확한 이름을 모른다는 그분","905","https://www.clien.net/service/board/park/14746602?od=T31&po=0&category=&groupCd=community"
"27","나는 쯔위라고해","1575","https://www.clien.net/service/board/park/14746601?od=T31&po=0&category=&groupCd=community"
"28","디비전2를 하는데 뭔가 좀 애매하네요...","421","https://www.clien.net/service/board/park/14746600?od=T31&po=0&category=&groupCd=community"
"29","요가 학원.......... 혀가 긴 것 같은데.. 직영점 아닌가요??","2015","https://www.clien.net/service/board/park/14746599?od=T31&po=0&category=&groupCd=community"
"30","제로콜라에 종이빨대 넣어보신분 계신가요?","56","https://www.clien.net/service/board/kin/14746598?od=T31&po=0&category=&groupCd=community"
"title_final","hit_final","url_final"
"1","이 시간에 와우이야기라니.. 너무 하신거 아닙니까.","315","https://www.clien.net/service/board/park/14746597?od=T31&po=1&category=&groupCd=community"
"2","울산에 터미네이터 출현","1658","https://www.clien.net/service/board/park/14746596?od=T31&po=1&category=&groupCd=community"
"3","갓본 - 이탈리아와 독일에 코로나 노하우 배우기로...","1972","https://www.clien.net/service/board/park/14746594?od=T31&po=1&category=&groupCd=community"
"4","현장 예배나온 신도의 첫 마디","1673","https://www.clien.net/service/board/park/14746593?od=T31&po=1&category=&groupCd=community"
"5","하나투어 사태도 이번 요가학원 건도 그렇고","795","https://www.clien.net/service/board/park/14746591?od=T31&po=1&category=&groupCd=community"
"6","소니 강남서비스센터 철수하네요","1292","https://www.clien.net/service/board/park/14746590?od=T31&po=1&category=&groupCd=community"
"7","지금 보니 구미시장이 민주당 당선된게 어마어마해 보이네요","584","https://www.clien.net/service/board/park/14746589?od=T31&po=1&category=&groupCd=community"
"8","마인크래프트 - 국경없는 기자회 도서관.jpg","1116","https://www.clien.net/service/board/park/14746588?od=T31&po=1&category=&groupCd=community"
"9","꽃 구경 나들이 부산 60대 남녀 확진..확진자와 접촉 추정","1100","https://www.clien.net/service/board/park/14746587?od=T31&po=1&category=&groupCd=community"
"10","둠 이너털 유툽 봤더니..","421","https://www.clien.net/service/board/park/14746586?od=T31&po=1&category=&groupCd=community"
"11","고대 교직원, 개인정보 이용 여학생 40명에게 '한눈에 반했다' 연락","1597","https://www.clien.net/service/board/park/14746585?od=T31&po=1&category=&groupCd=community"
"12","민주 비례연합 힘겨루기가 갈등으로 가면 안됩니다","169","https://www.clien.net/service/board/park/14746584?od=T31&po=1&category=&groupCd=community"
"13","제가 집 구하는 기준 중 가장 중요한 기준은","459","https://www.clien.net/service/board/park/14746582?od=T31&po=1&category=&groupCd=community"
"14","페이스북에서 유튜브 연결 어떻게 하나요?","12","https://www.clien.net/service/board/kin/14746580?od=T31&po=1&category=&groupCd=community"
"15","뷰잉 서비스 종료?","38","https://www.clien.net/service/board/kin/14746579?od=T31&po=1&category=&groupCd=community"
"16","화웨이도 사진처리 전용 칩을 탑재할거란 썰이 있네요.","590","https://www.clien.net/service/board/park/14746578?od=T31&po=1&category=&groupCd=community"
"17","회사에서 텔레그램으로 메신져를 썼었는데...","884","https://www.clien.net/service/board/park/14746577?od=T31&po=1&category=&groupCd=community"
"18","외국언론연합이 한국어뉴스 사이트를 만들면 대박칠듯.","834","https://www.clien.net/service/board/park/14746576?od=T31&po=1&category=&groupCd=community"
"19","귀찮아서 메모 안 했는데 이제라도 해야 할지...","273","https://www.clien.net/service/board/park/14746575?od=T31&po=1&category=&groupCd=community"
"20","이정도는 돼야 고인물 아닙니까유","1071","https://www.clien.net/service/board/park/14746574?od=T31&po=1&category=&groupCd=community"
"21","극한직업: 중국 황제 편.jpg","3012","https://www.clien.net/service/board/park/14746571?od=T31&po=1&category=&groupCd=community"
"22","부모님 컴퓨터 모니터 케이블을 새로 사려고 하는데요!","63","https://www.clien.net/service/board/kin/14746570?od=T31&po=1&category=&groupCd=community"
"23","올림픽 보이콧 캐나다 -&gt;뉴질랜드-&gt;호주-&gt;영국-&gt;미국 일려나요?","1016","https://www.clien.net/service/board/park/14746567?od=T31&po=1&category=&groupCd=community"
"24","마리텔 주민등록번호 유출한 조영구.jpg","3691","https://www.clien.net/service/board/park/14746565?od=T31&po=1&category=&groupCd=community"
"25","알뜰폰 번호는 그대로, 명의만 바꿀 수 있나요?","61","https://www.clien.net/service/board/kin/14746562?od=T31&po=1&category=&groupCd=community"
"26","폴란드 정부, 아동들의 자가격리를 위해 마인크래프트 서버 개설","1556","https://www.clien.net/service/board/park/14746561?od=T31&po=1&category=&groupCd=community"
"27","무능한 정부가 수입한 코로나 사태라고 한 요가 학원 근황.jpg","2792","https://www.clien.net/service/board/park/14746559?od=T31&po=1&category=&groupCd=community"
"28","은근히 만능인 중국 소스","3550","https://www.clien.net/service/board/park/14746557?od=T31&po=1&category=&groupCd=community"
"29","N번방 기록 100% 확실하게 지우기","3439","https://www.clien.net/service/board/park/14746555?od=T31&po=1&category=&groupCd=community"
"30","서양야동을 싫어하는 이유.txt","3527","https://www.clien.net/service/board/park/14746553?od=T31&po=1&category=&groupCd=community"
"title_final","hit_final","url_final"
"1","서양야동을 싫어하는 이유.txt","3534","https://www.clien.net/service/board/park/14746553?od=T31&po=2&category=&groupCd=community"
"2","클량 뉴비.인증","1550","https://www.clien.net/service/board/park/14746551?od=T31&po=2&category=&groupCd=community"
"3","시중 마트에서도 마스크 쫌 풀렸나 봅니다?","1703","https://www.clien.net/service/board/park/14746550?od=T31&po=2&category=&groupCd=community"
"4","갑자기 생각나는 명텐도..","829","https://www.clien.net/service/board/park/14746549?od=T31&po=2&category=&groupCd=community"
"5","얼라는 명예가 없다고...","382","https://www.clien.net/service/board/park/14746548?od=T31&po=2&category=&groupCd=community"
"6","일관된 증언은 DNA보다 강력한 증거입니다","923","https://www.clien.net/service/board/park/14746547?od=T31&po=2&category=&groupCd=community"
"7","ASUS AC68A 공유기 QoS 설정 방법 질문 드립니다.","27","https://www.clien.net/service/board/kin/14746546?od=T31&po=2&category=&groupCd=community"
"8","누가 사준다면) 그랜저 vs K7","2594","https://www.clien.net/service/board/park/14746545?od=T31&po=2&category=&groupCd=community"
"9","일본 불매운동 기분좋은 소식 하나 보고 가세요..","1833","https://www.clien.net/service/board/park/14746542?od=T31&po=2&category=&groupCd=community"
"10","라이젠 4500u 노트북.. 3400g 데스크탑의 성능 나올까요?","87","https://www.clien.net/service/board/kin/14746541?od=T31&po=2&category=&groupCd=community"
"11","oh japan man 난 니가 미워졌어","670","https://www.clien.net/service/board/park/14746540?od=T31&po=2&category=&groupCd=community"
"12","코로나 19에 영향 받는 로고들.jpg","3600","https://www.clien.net/service/board/park/14746539?od=T31&po=2&category=&groupCd=community"
"13","올림픽대로 무단횡단 참변..차에 치여 튕겼다 깔려 사망","2834","https://www.clien.net/service/board/park/14746538?od=T31&po=2&category=&groupCd=community"
"14","3월23일 9시 기준 국가별 코로나19 발생 현황","914","https://www.clien.net/service/board/park/14746537?od=T31&po=2&category=&groupCd=community"
"15","탄핵정국때 두둠칫 했던 애들 많이 컸네요 ㄷㄷㄷ","2233","https://www.clien.net/service/board/park/14746536?od=T31&po=2&category=&groupCd=community"
"16","하아... 오전에 고속버스 글 썼었습니다.","1169","https://www.clien.net/service/board/park/14746535?od=T31&po=2&category=&groupCd=community"
"17","봉쇄령 내려진 뉴욕시 거리 상황.tube","2291","https://www.clien.net/service/board/park/14746534?od=T31&po=2&category=&groupCd=community"
"18","자유당의 착각.. 찬스인줄 알았는데.jpg","3641","https://www.clien.net/service/board/park/14746533?od=T31&po=2&category=&groupCd=community"
"19","커클랜드 오메가 너무크네요 ㅠ ㅠ","761","https://www.clien.net/service/board/park/14746532?od=T31&po=2&category=&groupCd=community"
"20","일본불매! \(ㅇㅍㅇ)/ 애니삭제로 시작하세요!","458","https://www.clien.net/service/board/park/14746531?od=T31&po=2&category=&groupCd=community"
"21","사랑제일교회 예배서 즙짠 김문순대...외국 기자 '광기 장면 많아'","1586","https://www.clien.net/service/board/park/14746530?od=T31&po=2&category=&groupCd=community"
"22","우리은행 추천직원","323","https://www.clien.net/service/board/park/14746529?od=T31&po=2&category=&groupCd=community"
"23","[속보] 수원시 코로나19 확진자 1명 추가… 프랑스 다녀온 곡성동 거주 20대","3293","https://www.clien.net/service/board/park/14746528?od=T31&po=2&category=&groupCd=community"
"24","동숲 논란을 간단하게 정리해보려는 뻘글입니다...","733","https://www.clien.net/service/board/park/14746527?od=T31&po=2&category=&groupCd=community"
"25","총선 전 복습","563","https://www.clien.net/service/board/park/14746526?od=T31&po=2&category=&groupCd=community"
"26","일본불매! \(ㅇㅍㅇ)/ 야동삭제로 시작하세요!","712","https://www.clien.net/service/board/park/14746525?od=T31&po=2&category=&groupCd=community"
"27","두바이 정부의 코로나 권고사항을 조롱한 유럽인 체포","1397","https://www.clien.net/service/board/park/14746523?od=T31&po=2&category=&groupCd=community"
"28","김종배의 시선집중 총선 천기누설 2탄","857","https://www.clien.net/service/board/park/14746522?od=T31&po=2&category=&groupCd=community"
"29","부대끼러 가는 곳.jpg","2638","https://www.clien.net/service/board/park/14746517?od=T31&po=2&category=&groupCd=community"
"30","남자라면 호드라 들었는데 말입니다.","572","https://www.clien.net/service/board/park/14746516?od=T31&po=2&category=&groupCd=community"
"title_final","hit_final","url_final"
"1","마스크를 종일 쓰니 안좋은점... 중에 하나...","701","https://www.clien.net/service/board/park/14746514?od=T31&po=3&category=&groupCd=community"
"2","엄청 박쎄 보이는 스커트 ㅊㅈ.gif","4660","https://www.clien.net/service/board/park/14746513?od=T31&po=3&category=&groupCd=community"
"3","명랑 핫도그 최애메뉴!","1557","https://www.clien.net/service/board/park/14746511?od=T31&po=3&category=&groupCd=community"
"4","안철수 근황..... n번장 이슈 승차하심....","3083","https://www.clien.net/service/board/park/14746510?od=T31&po=3&category=&groupCd=community"
"5","무능한 정부가 수입하고 신천지가 퍼뜨린 코로나 사태 라는 말","1016","https://www.clien.net/service/board/park/14746509?od=T31&po=3&category=&groupCd=community"
"6","탈모가 뭐 어때서 그래요","1284","https://www.clien.net/service/board/park/14746508?od=T31&po=3&category=&groupCd=community"
"7","일본이 도쿄올림픽 연기조차 말 꺼내기 힘든 이유는 책임소재 때문입니다.","1300","https://www.clien.net/service/board/park/14746506?od=T31&po=3&category=&groupCd=community"
"8","&lt;21대 총선 타깃 여론조사&gt;文국정운영 ‘잘한다’ 51.9% … ‘못한다’ 43.2%","1186","https://www.clien.net/service/board/park/14746505?od=T31&po=3&category=&groupCd=community"
"9","[속보] 용인서 영국유학 20대 확진…10대 아들 40대 부부 가족 3명도 확진","3689","https://www.clien.net/service/board/park/14746504?od=T31&po=3&category=&groupCd=community"
"10","아메리카XX 성지순례 다녀왔습니다.","1685","https://www.clien.net/service/board/park/14746503?od=T31&po=3&category=&groupCd=community"
"11","더불어시민당, 공공의료 추가 공모해 비례 명단 확정 예정","882","https://www.clien.net/service/board/park/14746502?od=T31&po=3&category=&groupCd=community"
"12","애플 아이폰 2008~2018 연매출","1218","https://www.clien.net/service/board/park/14746501?od=T31&po=3&category=&groupCd=community"
"13","더러운 호드","482","https://www.clien.net/service/board/park/14746500?od=T31&po=3&category=&groupCd=community"
"14","하프라이프 알릭스 EDGE 리뷰..jpg","1143","https://www.clien.net/service/board/park/14746499?od=T31&po=3&category=&groupCd=community"
"15","일본 게임 많이 하세요.jpg","3243","https://www.clien.net/service/board/park/14746498?od=T31&po=3&category=&groupCd=community"
"16","롯데호텔 직원 코로나 확진","2137","https://www.clien.net/service/board/park/14746497?od=T31&po=3&category=&groupCd=community"
"17","스포츠 기더기네요","281","https://www.clien.net/service/board/park/14746495?od=T31&po=3&category=&groupCd=community"
"18","안철수 효과 -&gt; 심상정 효과","1140","https://www.clien.net/service/board/park/14746494?od=T31&po=3&category=&groupCd=community"
"19","해외에 가족(친척)이나 지인이 있으면 이럴 때 참 맘이 안좋네요.","446","https://www.clien.net/service/board/park/14746492?od=T31&po=3&category=&groupCd=community"
"20","동숲 어제도 적었지만... 느끼는게","1121","https://www.clien.net/service/board/park/14746491?od=T31&po=3&category=&groupCd=community"
"21","NFC 태그 질문 드려요","45","https://www.clien.net/service/board/kin/14746490?od=T31&po=3&category=&groupCd=community"
"22","하프라이프 최신작에서 헤드크랩 상대하는 법.gif","1435","https://www.clien.net/service/board/park/14746489?od=T31&po=3&category=&groupCd=community"
"23","탈모인들은 요즘시대 살고있는게 정말 다행 아닌가요?","1268","https://www.clien.net/service/board/park/14746488?od=T31&po=3&category=&groupCd=community"
"24","주모 과로사 하시겠군요 ㄷㄷㄷ","3029","https://www.clien.net/service/board/park/14746487?od=T31&po=3&category=&groupCd=community"
"25","호주 올림픽위원회 보이콧","1061","https://www.clien.net/service/board/park/14746486?od=T31&po=3&category=&groupCd=community"
"26","워크래프트 최고 근본은 트롤과 타우렌입니다","1032","https://www.clien.net/service/board/park/14746485?od=T31&po=3&category=&groupCd=community"
"27","맥당특가로는 맥관련 제품만 올릴수있나요?","54","https://www.clien.net/service/board/kin/14746484?od=T31&po=3&category=&groupCd=community"
"28","일본 올림픽 40년주기설","1209","https://www.clien.net/service/board/park/14746483?od=T31&po=3&category=&groupCd=community"
"29","괜히 보통의 텔레그렘 사용자들에게 불똥이 튈까봐 걱정이네요.","798","https://www.clien.net/service/board/park/14746482?od=T31&po=3&category=&groupCd=community"
"30","공적마스크 구매 줄서기","1529","https://www.clien.net/service/board/park/14746480?od=T31&po=3&category=&groupCd=community"
"title_final","hit_final","url_final"
"1","공적마스크 구매 줄서기","1529","https://www.clien.net/service/board/park/14746480?od=T31&po=4&category=&groupCd=community"
"2","리만 사태 보다 더 안좋게 보는 전망이 많은데","1263","https://www.clien.net/service/board/park/14746479?od=T31&po=4&category=&groupCd=community"
"3","꽁돈이 생겨서 홈팟 스테리오 구성하려고 베바 들어갔는데...","465","https://www.clien.net/service/board/park/14746478?od=T31&po=4&category=&groupCd=community"
"4","전두환 차명재산 수백억 재력 관리자 지난달 야산에서 변사","3452","https://www.clien.net/service/board/park/14746477?od=T31&po=4&category=&groupCd=community"
"5","솔직히 코로나 대응은 인정 안하기 뭐한가 보네요","926","https://www.clien.net/service/board/park/14746476?od=T31&po=4&category=&groupCd=community"
"6","V50 미션이 안오네요","557","https://www.clien.net/service/board/park/14746475?od=T31&po=4&category=&groupCd=community"
"7","전세기 타고 온 이란인 아내.news","3187","https://www.clien.net/service/board/park/14746473?od=T31&po=4&category=&groupCd=community"
"8","제가 가입한 보험들 ......","562","https://www.clien.net/service/board/park/14746472?od=T31&po=4&category=&groupCd=community"
"9","구로시장 칠공주 떡볶이 생각나네요","1079","https://www.clien.net/service/board/park/14746471?od=T31&po=4&category=&groupCd=community"
"10","홍준표 '왜 나까지 싸잡아 비난..오늘부터 조선일보 절독'","1146","https://www.clien.net/service/board/park/14746470?od=T31&po=4&category=&groupCd=community"
"11","'메르켈 총리도 자가격리…코로나19 양성판정'","2592","https://www.clien.net/service/board/park/14746469?od=T31&po=4&category=&groupCd=community"
"12","배춧잎먹는 아기토끼들.avi","807","https://www.clien.net/service/board/park/14746466?od=T31&po=4&category=&groupCd=community"
"13","이번 코로나 사태로 느낀점","494","https://www.clien.net/service/board/park/14746464?od=T31&po=4&category=&groupCd=community"
"14","코로나로 인한 사업장 근로자 무급휴가가 가능한가요? 혹은 70%유급인건지 궁금합니다","75","https://www.clien.net/service/board/kin/14746463?od=T31&po=4&category=&groupCd=community"
"15","시민당에 민주당후보가 11번 부터군요","1504","https://www.clien.net/service/board/park/14746462?od=T31&po=4&category=&groupCd=community"
"16","닉네임이라니?!","186","https://www.clien.net/service/board/park/14746461?od=T31&po=4&category=&groupCd=community"
"17","[단독] '무능한 정부가 수입해오고, 신천지가 유통한 '코로나''…요가학원 논란","3641","https://www.clien.net/service/board/park/14746459?od=T31&po=4&category=&groupCd=community"
"18","일본 코로나는 독감으로 돌려막을걸로 예상됩니다","572","https://www.clien.net/service/board/park/14746458?od=T31&po=4&category=&groupCd=community"
"19","6주기 구호공모","294","https://www.clien.net/service/board/park/14746457?od=T31&po=4&category=&groupCd=community"
"20","국회의원 세비반납 내용(ytn뉴스)","830","https://www.clien.net/service/board/park/14746455?od=T31&po=4&category=&groupCd=community"
"21","'망했다' 일본도착 꺼진 봉화","3943","https://www.clien.net/service/board/park/14746454?od=T31&po=4&category=&groupCd=community"
"22","통합당의 무리수.. \"조국은 n번방 가해자들의 영웅\"","2765","https://www.clien.net/service/board/park/14746453?od=T31&po=4&category=&groupCd=community"
"23","부자여자 만나는 4컷 만화.jpg","4131","https://www.clien.net/service/board/park/14746452?od=T31&po=4&category=&groupCd=community"
"24","아이언맨 왼쪽에 있는걸 뭐라는지 아세요?","1197","https://www.clien.net/service/board/park/14746451?od=T31&po=4&category=&groupCd=community"
"25","비록 진짜 맥주가 아닌 발포주지만 이 가격이라면??? .jpg","1408","https://www.clien.net/service/board/park/14746449?od=T31&po=4&category=&groupCd=community"
"26","아무리 실외라도 마스크 미착용 상태로 큰소리로 대화하는건 위험하지 않을까요?.","496","https://www.clien.net/service/board/park/14746448?od=T31&po=4&category=&groupCd=community"
"27","일본 올림픽 연기/취소 해도 지네 딴에는 명예로운 죽음이겠네요.....","609","https://www.clien.net/service/board/park/14746446?od=T31&po=4&category=&groupCd=community"
"28","분당은 이번엔 미통당에 내줄 수도 있겠네요 ㅠㅠ","2818","https://www.clien.net/service/board/park/14746445?od=T31&po=4&category=&groupCd=community"
"29","홍삼정 효과가 있긴 있내요.","1217","https://www.clien.net/service/board/park/14746443?od=T31&po=4&category=&groupCd=community"
"30","최근 교회의 보수적인 입장에 대해서","501","https://www.clien.net/service/board/park/14746442?od=T31&po=4&category=&groupCd=community"
"title_final","hit_final","url_final"
"1","피닉스 마사지건 a2 사설수리 진행해신 분 계신지요?","46","https://www.clien.net/service/board/kin/14746441?od=T31&po=5&category=&groupCd=community"
"2","사냥의 시간 넷플릭스 공개는 영화계 큰 이슈 맞네요.","1733","https://www.clien.net/service/board/park/14746440?od=T31&po=5&category=&groupCd=community"
"3","모의투자도 생각보다 재미있네요.","935","https://www.clien.net/service/board/park/14746439?od=T31&po=5&category=&groupCd=community"
"4","일본맥주 관련 주목할만한 점","1241","https://www.clien.net/service/board/park/14746438?od=T31&po=5&category=&groupCd=community"
"5","시민당관련글 자삭했습니다","331","https://www.clien.net/service/board/park/14746436?od=T31&po=5&category=&groupCd=community"
"6","\"중국 코로나19 무증상 환자 4만3천여명..공식통계서 빠져\"","2480","https://www.clien.net/service/board/park/14746435?od=T31&po=5&category=&groupCd=community"
"7","와우저라면 브렐이라 들었는데 말입니다.","749","https://www.clien.net/service/board/park/14746431?od=T31&po=5&category=&groupCd=community"
"8","왜 어그로 끄는 글에 공감하는 사람은 보통 게시글이 적을까요?","445","https://www.clien.net/service/board/park/14746429?od=T31&po=5&category=&groupCd=community"
"9","4회말.JPG","2704","https://www.clien.net/service/board/park/14746428?od=T31&po=5&category=&groupCd=community"
"10","헬스업계쪽은 정부 비난이 거세지고 있네요.","5096","https://www.clien.net/service/board/park/14746427?od=T31&po=5&category=&groupCd=community"
"11","이것은 지삼선입니다.","897","https://www.clien.net/service/board/park/14746426?od=T31&po=5&category=&groupCd=community"
"12","레딧은 한국관련 뉴스가 올라오기만 하면 국뽕잔치임.reddit","2786","https://www.clien.net/service/board/park/14746424?od=T31&po=5&category=&groupCd=community"
"13","저세상 컨셉의 배민 리뷰.jpg","3993","https://www.clien.net/service/board/park/14746423?od=T31&po=5&category=&groupCd=community"
"14","그래도 봄은 오네요.JPG","1730","https://www.clien.net/service/board/park/14746422?od=T31&po=5&category=&groupCd=community"
"15","보험료 최대한 낮추는걸로 결정했네요.","972","https://www.clien.net/service/board/park/14746421?od=T31&po=5&category=&groupCd=community"
"16","(WOW) 제 와우 닉네임이랑 케릭터 보고 가세요","1180","https://www.clien.net/service/board/park/14746420?od=T31&po=5&category=&groupCd=community"
"17","집에만 있어서 나약해진 분 안계신가요?","1015","https://www.clien.net/service/board/park/14746419?od=T31&po=5&category=&groupCd=community"
"18","지금 북미(혹은 서구사회전체)에서 제일 행복한 사람은?","1087","https://www.clien.net/service/board/park/14746418?od=T31&po=5&category=&groupCd=community"
"19","오타쿠분들은 본인 닉을 오타쿠 스럽게 지으시더라구요ㅋㅋㅋ","306","https://www.clien.net/service/board/park/14746417?od=T31&po=5&category=&groupCd=community"
"20","고양시갑 문명순 후보 후원회장이 이낙연 전 총리님이네요.","1301","https://www.clien.net/service/board/park/14746416?od=T31&po=5&category=&groupCd=community"
"21","중동 항공사도 슬슬 배째기시작하네요","2005","https://www.clien.net/service/board/park/14746414?od=T31&po=5&category=&groupCd=community"
"22","일반인을 성노예로 만들다니 진짜 미친* 아닙니까?","3737","https://www.clien.net/service/board/park/14746413?od=T31&po=5&category=&groupCd=community"
"23","한국에서 일본 맥주에 대한 인식 변화 흐름도","1487","https://www.clien.net/service/board/park/14746409?od=T31&po=5&category=&groupCd=community"
"24","홍준표 '왜 나까지 싸잡아 비난..오늘부터 조선일보 절독'","1837","https://www.clien.net/service/board/park/14746408?od=T31&po=5&category=&groupCd=community"
"25","일본 맥주가 안팔리는 걸 떠나서, 이제 아예 안보이는군요","1254","https://www.clien.net/service/board/park/14746407?od=T31&po=5&category=&groupCd=community"
"26","아이디는 또 다른 나입니다.","1541","https://www.clien.net/service/board/park/14746406?od=T31&po=5&category=&groupCd=community"
"27","일본 특유의 '체면' 문화때문에 올림픽 중지이야기 못 꺼내죠.","1264","https://www.clien.net/service/board/park/14746405?od=T31&po=5&category=&groupCd=community"
"28","어제 서초역 사거리에 잠깐 들렀는데","1576","https://www.clien.net/service/board/park/14746404?od=T31&po=5&category=&groupCd=community"
"29","일부러 타이레놀을 안 먹었더니 식은땀이 나네요","1201","https://www.clien.net/service/board/park/14746403?od=T31&po=5&category=&groupCd=community"
"30","공형진 기어나오네요","4278","https://www.clien.net/service/board/park/14746401?od=T31&po=5&category=&groupCd=community"
"title_final","hit_final","url_final"
"1","아.. 이게 정수기 광고 원곡이군요","619","https://www.clien.net/service/board/park/14746399?od=T31&po=6&category=&groupCd=community"
"2","영양제 먹으니....","411","https://www.clien.net/service/board/park/14746397?od=T31&po=6&category=&groupCd=community"
"3","최근 워크맨 논란을 보니 예전 패떳이 생각나네요.","1380","https://www.clien.net/service/board/park/14746396?od=T31&po=6&category=&groupCd=community"
"4","[더러움 주의] 어제부터 계속 ㅅㅅ를 했는데...","2736","https://www.clien.net/service/board/park/14746394?od=T31&po=6&category=&groupCd=community"
"5","사실 닉네임이 본인의 성향이나 품격을 나타내긴 하죠.","1132","https://www.clien.net/service/board/park/14746391?od=T31&po=6&category=&groupCd=community"
"6","‘미투 운동 시발점’ 하비 와인스타인, 코로나19 확진 판정","1581","https://www.clien.net/service/board/park/14746390?od=T31&po=6&category=&groupCd=community"
"7","약국들 마스크 공급량이 늘었다네요","2540","https://www.clien.net/service/board/park/14746389?od=T31&po=6&category=&groupCd=community"
"8","'나 이런거 심은 적 없는데'.JPG","4970","https://www.clien.net/service/board/park/14746388?od=T31&po=6&category=&groupCd=community"
"9","코로나 해외 상황","1831","https://www.clien.net/service/board/park/14746385?od=T31&po=6&category=&groupCd=community"
"10","일본 제대로 망할려면 올림픽 개최해야죠","714","https://www.clien.net/service/board/park/14746384?od=T31&po=6&category=&groupCd=community"
"11","日매체 '올림픽 중지, 왜 말을 못해'..자국 언론 저격","2281","https://www.clien.net/service/board/park/14746382?od=T31&po=6&category=&groupCd=community"
"12","탈덕한당...","349","https://www.clien.net/service/board/park/14746380?od=T31&po=6&category=&groupCd=community"
"13","제발 다음부터는 3%도 안되는 당이랑 연합하지맙시다","1400","https://www.clien.net/service/board/park/14746378?od=T31&po=6&category=&groupCd=community"
"14","로또 1등 되면 하고 싶은 것 중 하나.","1978","https://www.clien.net/service/board/park/14746377?od=T31&po=6&category=&groupCd=community"
"15","대학원생의 구조신호.jpg","4640","https://www.clien.net/service/board/park/14746376?od=T31&po=6&category=&groupCd=community"
"16","냉장고는 효율등급 1등급 나오기가 어렵나봅니다.","1270","https://www.clien.net/service/board/park/14746371?od=T31&po=6&category=&groupCd=community"
"17","N번방 ㅆㅅㄲ들은 또 어떻게 미꾸라지 처럼 빠져나갈지 걱정부터 드네요.","1386","https://www.clien.net/service/board/park/14746368?od=T31&po=6&category=&groupCd=community"
"18","경기도 59개 선거구 공천 현황(3월23일 기준)","848","https://www.clien.net/service/board/park/14746366?od=T31&po=6&category=&groupCd=community"
"19","(후방) 울산에 나타난 터미네이터.gif","8116","https://www.clien.net/service/board/park/14746365?od=T31&po=6&category=&groupCd=community"
"20","일본 맥주빌런이 저지른 가장 멍청한 실수","4831","https://www.clien.net/service/board/park/14746364?od=T31&po=6&category=&groupCd=community"
"21","아이디 까이꺼 간단하게 지으면 되는거 아닙니꽈","750","https://www.clien.net/service/board/park/14746362?od=T31&po=6&category=&groupCd=community"
"22","누나가 재택근무 수고한다고 점심 배달해주었습니다","2420","https://www.clien.net/service/board/park/14746361?od=T31&po=6&category=&groupCd=community"
"23","회사에서 카카오톡으로 업무용으로 쓰는거 정말 딱 질색;;;","1755","https://www.clien.net/service/board/park/14746359?od=T31&po=6&category=&groupCd=community"
"24","텔레그램 토스 퀴즈알림용 아니었나요...","843","https://www.clien.net/service/board/park/14746356?od=T31&po=6&category=&groupCd=community"
"25","이번 게임 논란보다보니.... 일본이 참 밉습니다.","1266","https://www.clien.net/service/board/park/14746355?od=T31&po=6&category=&groupCd=community"
"26","불매운동 제품을 구매할 수는 있습니다.","530","https://www.clien.net/service/board/park/14746353?od=T31&po=6&category=&groupCd=community"
"27","안전과 선수들 노력을 모두 고려한 올림픽 단복","1390","https://www.clien.net/service/board/park/14746352?od=T31&po=6&category=&groupCd=community"
"28","N번방 사건때문에 괜히 찝찝하네요...","2248","https://www.clien.net/service/board/park/14746351?od=T31&po=6&category=&groupCd=community"
"29","돈으로 살 수 있는 것과 없는 것","1423","https://www.clien.net/service/board/park/14746350?od=T31&po=6&category=&groupCd=community"
"30","[MBC] 아베, 올림픽 연기 가능섭 첫 언급, '취소는 없어'","1407","https://www.clien.net/service/board/park/14746349?od=T31&po=6&category=&groupCd=community"
"title_final","hit_final","url_final"
"1","[MBC] 아베, 올림픽 연기 가능섭 첫 언급, '취소는 없어'","1407","https://www.clien.net/service/board/park/14746349?od=T31&po=7&category=&groupCd=community"
"2","요즘 주식시장 상황.JPG","5398","https://www.clien.net/service/board/park/14746347?od=T31&po=7&category=&groupCd=community"
"3","모르는 사이에 자바 14가 나왔근여 -ㅛ-","702","https://www.clien.net/service/board/park/14746346?od=T31&po=7&category=&groupCd=community"
"4","일본서 제대접 못받는 코로나","2121","https://www.clien.net/service/board/park/14746344?od=T31&po=7&category=&groupCd=community"
"5","코로나19 공포에 552개 탄산음료 사재기 하는 미국인 커플","2266","https://www.clien.net/service/board/park/14746343?od=T31&po=7&category=&groupCd=community"
"6","한국 사재기 근황","4881","https://www.clien.net/service/board/park/14746340?od=T31&po=7&category=&groupCd=community"
"7","굳쎄어라 조원진! 대구경북 전 지역구 공천!!","1714","https://www.clien.net/service/board/park/14746339?od=T31&po=7&category=&groupCd=community"
"8","제 닉네임 가지고 뭐라하시는 분들께....","912","https://www.clien.net/service/board/park/14746338?od=T31&po=7&category=&groupCd=community"
"9","n번방을 남녀갈등문제로 몰고가는거 역겹네요","1133","https://www.clien.net/service/board/park/14746337?od=T31&po=7&category=&groupCd=community"
"10","미성년자 성폭행 N번방 26살 운영자 얼굴.JPG","6726","https://www.clien.net/service/board/park/14746335?od=T31&po=7&category=&groupCd=community"
"11","근데 진따 일본은 희안한 나라인게","1125","https://www.clien.net/service/board/park/14746334?od=T31&po=7&category=&groupCd=community"
"12","토착 왜신들의 한국 비난","2695","https://www.clien.net/service/board/park/14746333?od=T31&po=7&category=&groupCd=community"
"13","이번 총선 다른건 바라지 않고","210","https://www.clien.net/service/board/park/14746332?od=T31&po=7&category=&groupCd=community"
"14","오늘 뉴스공장에 나온 독일 아파트 근황","2943","https://www.clien.net/service/board/park/14746331?od=T31&po=7&category=&groupCd=community"
"15","(기사) 아동 음란물 처벌, 왜 美보다 韓이 약할까","2061","https://www.clien.net/service/board/park/14746330?od=T31&po=7&category=&groupCd=community"
"16","코로나19 독일의 치명율은 먼가 경이롭네요.","2560","https://www.clien.net/service/board/park/14746329?od=T31&po=7&category=&groupCd=community"
"17","외신기자의 '한국 언론을 믿을 수 없는 이유'","2611","https://www.clien.net/service/board/park/14746327?od=T31&po=7&category=&groupCd=community"
"18","(제안) '언론 국민심판제' 어떨까요?","293","https://www.clien.net/service/board/park/14746326?od=T31&po=7&category=&groupCd=community"
"19","요즘 시절에 면접 가는게 다행이긴 한데..","353","https://www.clien.net/service/board/park/14746325?od=T31&po=7&category=&groupCd=community"
"20","텔레그램 쓰는데 요즘 가입한 친구들 새로 뜨는게...","1875","https://www.clien.net/service/board/park/14746324?od=T31&po=7&category=&groupCd=community"
"21","은퇴 후방러 근황.","3180","https://www.clien.net/service/board/park/14746323?od=T31&po=7&category=&groupCd=community"
"22","지난주 금요일 주식은 왜 오른거죠 ㄷㄷㄷ","1585","https://www.clien.net/service/board/park/14746322?od=T31&po=7&category=&groupCd=community"
"23","루팡 클량 본진은 모공입니다","460","https://www.clien.net/service/board/park/14746319?od=T31&po=7&category=&groupCd=community"
"24","다음 주 애플 헤드폰 발표 했으면 좋겠네요. 간절히 기다리고 있습니다.","414","https://www.clien.net/service/board/park/14746318?od=T31&po=7&category=&groupCd=community"
"25","간밤에 아이폰에게 무슨 일이 있었는지 에어팟이 사라졌더라구요","503","https://www.clien.net/service/board/park/14746317?od=T31&po=7&category=&groupCd=community"
"26","한국 언론 신뢰도, 4년 연속 부동의 꼴찌.gisa","2209","https://www.clien.net/service/board/park/14746316?od=T31&po=7&category=&groupCd=community"
"27","8분만에 배우는 코로나 바이러스의 모든것.utube","1151","https://www.clien.net/service/board/park/14746315?od=T31&po=7&category=&groupCd=community"
"28","올림픽 불참선언은... 누가 선빵치냐 싸움이였는듯...","1940","https://www.clien.net/service/board/park/14746314?od=T31&po=7&category=&groupCd=community"
"29","아이패드 프로 2세대 12.9 고속충전","71","https://www.clien.net/service/board/kin/14746313?od=T31&po=7&category=&groupCd=community"
"30","목이버섯.jpg","2104","https://www.clien.net/service/board/park/14746311?od=T31&po=7&category=&groupCd=community"
"title_final","hit_final","url_final"
"1","경향 기자님. 신천지는 스스로 자기 종교 안 밝힙니다.","1478","https://www.clien.net/service/board/park/14746310?od=T31&po=8&category=&groupCd=community"
"2","우리 체육계도 빨리 결단을 내려야죠","548","https://www.clien.net/service/board/park/14746309?od=T31&po=8&category=&groupCd=community"
"3","파이3도 조건따라 x265 FHD재생이 가능하군요","387","https://www.clien.net/service/board/park/14746308?od=T31&po=8&category=&groupCd=community"
"4","루나 디스플레이 어댑터 질문입니다","33","https://www.clien.net/service/board/kin/14746307?od=T31&po=8&category=&groupCd=community"
"5","아놔 쓰레기들 가지가지 하네","1713","https://www.clien.net/service/board/park/14746303?od=T31&po=8&category=&groupCd=community"
"6","이참에 클리앙도 이름 바꾸죠.....","1360","https://www.clien.net/service/board/park/14746302?od=T31&po=8&category=&groupCd=community"
"7","오늘부터 100일 달리기 하는 날인데...","737","https://www.clien.net/service/board/park/14746301?od=T31&po=8&category=&groupCd=community"
"8","안과인데 마스크 안 한 사람이 있네요","594","https://www.clien.net/service/board/park/14746300?od=T31&po=8&category=&groupCd=community"
"9","기생충 아카데미 수상 타이밍은 신의 한수네요","2751","https://www.clien.net/service/board/park/14746297?od=T31&po=8&category=&groupCd=community"
"10","모동숲 미국판은 성별 선택란이 우리랑 다르네요.","1834","https://www.clien.net/service/board/park/14746296?od=T31&po=8&category=&groupCd=community"
"11","고효율 가전제품 사면 오늘부터 최대 30만원 환급","1387","https://www.clien.net/service/board/park/14746295?od=T31&po=8&category=&groupCd=community"
"12","텔레그램 사건 알면 알 수록 소름돋네요","1612","https://www.clien.net/service/board/park/14746294?od=T31&po=8&category=&groupCd=community"
"13","번호 바꾸면 정보 업데이트 안하는 사람도 있나봅니다..","490","https://www.clien.net/service/board/park/14746293?od=T31&po=8&category=&groupCd=community"
"14","???: 저 N번방 실수로 들어간거에요","4610","https://www.clien.net/service/board/park/14746292?od=T31&po=8&category=&groupCd=community"
"15","도쿄올림픽 개최 하건 말건 이미 존망이 되었네요","1003","https://www.clien.net/service/board/park/14746291?od=T31&po=8&category=&groupCd=community"
"16","크롬캐스트 엄청 신기하네요","1238","https://www.clien.net/service/board/park/14746289?od=T31&po=8&category=&groupCd=community"
"17","열린민주당 투표했습니다!!","422","https://www.clien.net/service/board/park/14746288?od=T31&po=8&category=&groupCd=community"
"18","스포츠 강국 호주도 올림픽 불참을 선언...","1380","https://www.clien.net/service/board/park/14746286?od=T31&po=8&category=&groupCd=community"
"19","오타쿠 클량 본진은 덕질한당입니다","265","https://www.clien.net/service/board/park/14746283?od=T31&po=8&category=&groupCd=community"
"20","후보 결격사유 있으면 승복하기로 한게 크죠","800","https://www.clien.net/service/board/park/14746282?od=T31&po=8&category=&groupCd=community"
"21","아직도 스키니 입는 클량 패피 없죠?","2463","https://www.clien.net/service/board/park/14746281?od=T31&po=8&category=&groupCd=community"
"22","호주도 불참 - 공식 3호","4107","https://www.clien.net/service/board/park/14746280?od=T31&po=8&category=&groupCd=community"
"23","대한민국 기레기들 수준...","2208","https://www.clien.net/service/board/park/14746279?od=T31&po=8&category=&groupCd=community"
"24","4K 영상 편집용 데스크탑 맞출려고 하는데 사양 추천 좀 부탁드립니다.","85","https://www.clien.net/service/board/kin/14746278?od=T31&po=8&category=&groupCd=community"
"25","쯔위 포토북이 나오네요","2246","https://www.clien.net/service/board/park/14746277?od=T31&po=8&category=&groupCd=community"
"26","텔레그램 쓰면 이제 이상한 사람 취급되나요?","1714","https://www.clien.net/service/board/park/14746275?od=T31&po=8&category=&groupCd=community"
"27","총선 예비후보자 전과 Top10","2261","https://www.clien.net/service/board/park/14746274?od=T31&po=8&category=&groupCd=community"
"28","HTMI 미러링 케이블 잘사용하다 갑자기 소리가 안나요","52","https://www.clien.net/service/board/kin/14746273?od=T31&po=8&category=&groupCd=community"
"29","발암물질.jpg","2471","https://www.clien.net/service/board/park/14746272?od=T31&po=8&category=&groupCd=community"
"30","알뜰구매의 오늘의 무료앱..","974","https://www.clien.net/service/board/park/14746269?od=T31&po=8&category=&groupCd=community"
"title_final","hit_final","url_final"
"1","핸드폰 5g 요금제는 부담이ㅜㅜ","425","https://www.clien.net/service/board/park/14746268?od=T31&po=9&category=&groupCd=community"
"2","지역 확진자랑 같은식당을 이용했네요.","763","https://www.clien.net/service/board/park/14746265?od=T31&po=9&category=&groupCd=community"
"3","이제는 모든 입국자에 대해서 일단 격리가 필요하지 않을까 하는 상황입니다.","583","https://www.clien.net/service/board/park/14746264?od=T31&po=9&category=&groupCd=community"
"4","어여 어여 빨리빨리..","745","https://www.clien.net/service/board/park/14746263?od=T31&po=9&category=&groupCd=community"
"5","일빠 클량 본진은 콘솔한당입니다","1647","https://www.clien.net/service/board/park/14746261?od=T31&po=9&category=&groupCd=community"
"6","(후방없음) 후방의 근본은 사랑과 아름다움 입니다.","3794","https://www.clien.net/service/board/park/14746260?od=T31&po=9&category=&groupCd=community"
"7","에어팟 프로가 안보입니다.","725","https://www.clien.net/service/board/park/14746258?od=T31&po=9&category=&groupCd=community"
"8","캐나다, 뉴질랜드 도쿄올림픽 연기 안하면 출전 거부한다고 했으니","1626","https://www.clien.net/service/board/park/14746257?od=T31&po=9&category=&groupCd=community"
"9","처음으로 일본 총리는 올림픽 연기가 가능하다고 말했습니다","704","https://www.clien.net/service/board/park/14746256?od=T31&po=9&category=&groupCd=community"
"10","'피해자가 자초한 일' '문재인 탓'…뻔뻔한 텔레그램 n번방 이용자들","3390","https://www.clien.net/service/board/park/14746255?od=T31&po=9&category=&groupCd=community"
"11","자가격리 1일차 입니다.","665","https://www.clien.net/service/board/park/14746254?od=T31&po=9&category=&groupCd=community"
"12","충격 포퓰리즘 40조원 국채추가발행 발언","2485","https://www.clien.net/service/board/park/14746252?od=T31&po=9&category=&groupCd=community"
"13","제 아이디로 공격하시는 건 좀 치졸하지 않나요??","1837","https://www.clien.net/service/board/park/14746251?od=T31&po=9&category=&groupCd=community"
"14","...'백인우월주의자들, FBI 사무실 손잡이에 침 바르자고'","1598","https://www.clien.net/service/board/park/14746250?od=T31&po=9&category=&groupCd=community"
"15","더불어시민당 '2개 군소당 후보 탈락…열린민주당과 공동교섭단체 가능'","2481","https://www.clien.net/service/board/park/14746248?od=T31&po=9&category=&groupCd=community"
"16","박사방은 뭐고 n번방은 뭐랍니까","2108","https://www.clien.net/service/board/park/14746247?od=T31&po=9&category=&groupCd=community"
"17","호주도 도쿄 올림픽 불참하네요","2139","https://www.clien.net/service/board/park/14746245?od=T31&po=9&category=&groupCd=community"
"18","동숲은 보면 좀 웃기네요","2153","https://www.clien.net/service/board/park/14746244?od=T31&po=9&category=&groupCd=community"
"19","구글홈 미니 5g 보다 2.4g가 안정적인거 같습니당","813","https://www.clien.net/service/board/park/14746243?od=T31&po=9&category=&groupCd=community"
"20","카메라 무음 안되니 냥이 도촬도 힘드네요 ㅠㅜ","1607","https://www.clien.net/service/board/park/14746242?od=T31&po=9&category=&groupCd=community"
"21","'백인우월단체, 유대인·경찰 감염 시도'..뉴욕 FBI, 경보발령","1574","https://www.clien.net/service/board/park/14746241?od=T31&po=9&category=&groupCd=community"
"22","어짜피 올림픽 불참하는거 e스포츠로 합시다.jpg","1899","https://www.clien.net/service/board/park/14746240?od=T31&po=9&category=&groupCd=community"
"23","동숲이 핫했네요. 예전에 봤던 독일차 얘기...그리고 잡담","1054","https://www.clien.net/service/board/park/14746238?od=T31&po=9&category=&groupCd=community"
"24","냥이 혀는 까슬하더라고요.","1934","https://www.clien.net/service/board/park/14746237?od=T31&po=9&category=&groupCd=community"
"25","흠.. 앱 문제일지도 모르지만..S20 GPS가..","871","https://www.clien.net/service/board/park/14746236?od=T31&po=9&category=&groupCd=community"
"26","이와중에 스위치 인증합니다","1472","https://www.clien.net/service/board/park/14746233?od=T31&po=9&category=&groupCd=community"
"27","클최미가 클리앙 광고에!!","1709","https://www.clien.net/service/board/park/14746232?od=T31&po=9&category=&groupCd=community"
"28","그래도 유럽은 확진자 조금 줄어드는 듯","2426","https://www.clien.net/service/board/park/14746229?od=T31&po=9&category=&groupCd=community"
"29","캐나다는 올림픽 불참하기로 했습니다","1964","https://www.clien.net/service/board/park/14746227?od=T31&po=9&category=&groupCd=community"
"30","“신천지 교인이세요? 퇴사 부탁드립니다”","10.8 k","https://www.clien.net/service/board/park/14746226?od=T31&po=9&category=&groupCd=community"
